user_id,customer_id,name,email,role
1,1,James Powers,stephen10@example.com,Manager
2,1,Kristine Garcia,williamanderson@example.com,Admin
3,1,Sherry Wood,samueldaniels@example.com,Admin
4,1,Victoria Valdez,contrerasangela@example.net,Manager
5,1,Shawn Baker,newtoneric@example.com,Admin
6,1,Michelle Harris,william40@example.org,Admin
7,1,Sandra Williams,kellie42@example.net,Manager
8,1,Michael Hoffman,jonesnicole@example.org,User
9,1,Sandra Aguilar,russellwilliams@example.com,Admin
10,1,Rebecca Valencia,jason31@example.com,Manager
11,1,Stacey Russell,sarayoung@example.org,Admin
12,1,Rita Keith,whitesandra@example.com,Admin
13,1,Sharon Cochran,erik16@example.org,User
14,1,Courtney Velasquez,ybailey@example.org,Analyst
15,1,Matthew Ross,michelle45@example.net,Analyst
16,1,Meghan Anthony,sheila14@example.org,Manager
17,1,Victoria Johnson,yreed@example.com,Analyst
18,1,William Wilson,jonathanfletcher@example.org,Manager
19,1,Renee Mcdaniel,michaeljones@example.net,Analyst
20,1,Lisa Alvarado,cortezkevin@example.com,User
21,1,Erika Terry,jamesortega@example.com,Manager
22,1,Stephanie Gilbert,richard04@example.com,Analyst
23,1,Richard Lawson,steven73@example.net,User
24,1,Steven Flynn,donnacampbell@example.net,Analyst
25,1,Frances Cardenas,emilywalker@example.org,Admin
26,2,Angel Riggs,gibsonolivia@example.net,User
27,2,Michael Snyder,dylanwatts@example.org,Admin
28,2,Colleen Brock,pwilliams@example.org,Admin
29,3,Robert Contreras,stephanie79@example.net,Manager
30,3,Jessica Meadows,vmerritt@example.com,Analyst
31,3,Paul Larsen,katie87@example.net,Manager
32,3,Jeremiah Reeves,josephflores@example.net,Analyst
33,3,Chris Reyes,jasminebrown@example.com,Admin
34,3,John Brown,xprice@example.net,Manager
35,3,Alicia Gilmore,wwoods@example.com,Analyst
36,3,Sarah Ashley,vmedina@example.net,Analyst
37,3,Stephanie Freeman,ryan06@example.com,Manager
38,3,Rebecca Ramsey,ncalhoun@example.net,User
39,3,James Elliott,millerroy@example.com,Analyst
40,3,David Murphy,wmurphy@example.com,Admin
41,3,Trevor Fisher,ruizkaitlyn@example.org,Analyst
42,3,Mrs. Marie Harrington DDS,herringjames@example.org,Admin
43,3,Cynthia Wells,elliottjeffery@example.net,Manager
44,3,Jacob Obrien,stricklandfrank@example.com,Analyst
45,3,Alexander Collins,tsanders@example.org,Admin
46,3,Michael Burton,terrykevin@example.net,Admin
47,3,Barbara Riggs,reedross@example.com,Manager
48,3,Matthew Smith,gshort@example.com,Analyst
49,3,Madison Poole,ryangross@example.net,Analyst
50,3,Robert Medina,umarshall@example.net,Manager
51,3,Samuel Rivas,ramirezshannon@example.com,Analyst
52,3,Mary Rogers,lrosales@example.com,Manager
53,3,Robert Peterson,angela83@example.org,Analyst
54,3,Jason Peters,hannahbrewer@example.com,User
55,3,Alan Phillips,tholt@example.net,Analyst
56,4,Kara Schmidt,jbarajas@example.com,Admin
57,4,Jesse Parker,davidlee@example.org,User
58,4,Tiffany Vaughn,javierwashington@example.net,Analyst
59,5,Paige Carlson,wallkenneth@example.com,Admin
60,5,Adrian Ferguson,brandon08@example.com,Analyst
61,5,Beth Oneill,agarcia@example.net,Manager
62,5,John Peterson,kingmichelle@example.org,Analyst
63,5,Jennifer Jones,hernandezlisa@example.com,Manager
64,5,David Grant,yobrien@example.net,User
65,5,Joseph Hayes,levans@example.com,User
66,5,Marc Lynch,mezajared@example.org,Admin
67,5,Brad Allen,moorericky@example.net,Admin
68,5,Doris Hall,jacqueline71@example.net,Admin
69,5,Dennis Moody,ronaldstephens@example.net,Manager
70,6,Derek Thomas,martinkyle@example.net,Admin
71,6,Tammy Gonzales,sbarker@example.com,Analyst
72,6,Kathryn Snyder,georgepamela@example.net,Manager
73,6,David Davis,keyemily@example.com,User
74,6,Pamela Thompson,lmoon@example.net,Manager
75,6,Robert Costa,vbailey@example.com,Admin
76,6,Shannon Rivera,zroberts@example.net,Analyst
77,6,Brandon King,cordovarichard@example.net,Analyst
78,6,April Booth,mgutierrez@example.net,Admin
79,6,Peter Garrett,harrisandrea@example.com,Analyst
80,6,Michael Martinez,jennifercollins@example.org,Manager
81,6,Anna Gay,murraydavid@example.org,Manager
82,6,Dr. Jordan Hill PhD,jsanchez@example.org,Admin
83,6,Thomas Romero,michellehill@example.com,Analyst
84,6,Richard Adams,campbellkenneth@example.net,User
85,6,Mary Grimes,wryan@example.com,Manager
86,6,Kimberly Gibson,molly39@example.com,Manager
87,6,Reginald Williams,zthornton@example.com,Manager
88,6,Matthew Hoover,tylerjohnson@example.net,Manager
89,6,Evelyn Garcia,dgarcia@example.org,User
90,6,Jennifer Pena,charlesharrington@example.com,Admin
91,6,Michael Santos,melissa86@example.com,Manager
92,6,Stacy Freeman,williamsonjimmy@example.net,Analyst
93,6,Yolanda Francis,wgood@example.net,User
94,6,Ashlee Jackson,rebecca05@example.org,Manager
95,6,James Thomas,yknight@example.org,Analyst
96,6,Bob Pitts,tyleraguilar@example.org,Manager
97,7,David Scott,nolansteven@example.com,Admin
98,7,Brooke Alexander,vanessa46@example.net,User
99,7,Ryan Gonzalez,gcastaneda@example.org,Admin
100,7,Ian Phillips,andrew64@example.org,User
101,7,Melissa Garner,lozanojulie@example.com,Manager
102,7,Crystal Pham,danaoliver@example.net,Manager
103,7,Patricia Becker,courtneyberger@example.net,User
104,7,Richard Johnson,jessica14@example.com,Analyst
105,7,Casey Anderson,alyssa42@example.com,Analyst
106,7,Terry Coffey,julie51@example.com,Manager
107,7,Brenda Levy,zcoffey@example.net,Manager
108,7,Richard Smith,gibsonemily@example.net,Admin
109,7,James Little,daniel37@example.org,Manager
110,7,Terri Murphy,deborahreid@example.com,User
111,7,Elizabeth Ortiz,brandonjohnson@example.com,Analyst
112,7,David Medina,qchavez@example.net,Analyst
113,7,Kimberly Matthews,nicolepena@example.com,Admin
114,7,Teresa Ramirez,jeff73@example.com,Analyst
115,7,Michael Stephens,bruce43@example.org,Analyst
116,7,Samantha Davis,darleneharper@example.org,User
117,7,Gavin Zhang,caseyhubbard@example.org,Analyst
118,7,Robin Hall,kristinacarlson@example.com,Admin
119,7,Brianna Anderson,lauren10@example.org,Admin
120,7,Richard Young,alfred40@example.org,Analyst
121,7,Kelly Reese,xwest@example.net,Manager
122,7,Jodi Walker,acostaregina@example.net,Analyst
123,7,Judith Maynard,lutzmelanie@example.com,Admin
124,7,Katherine Browning,lammarc@example.org,Admin
125,7,Donald Schultz,oscar98@example.com,User
126,7,Larry Garcia,farrelldebra@example.net,Analyst
127,7,Cindy Hayes,robertwilcox@example.com,Analyst
128,7,Brandon Simmons,nicholas27@example.org,User
129,7,Bradley Reynolds,lisa80@example.net,Admin
130,7,Kristina Santiago,qgomez@example.com,User
131,7,Michelle Schmitt,michael98@example.org,Manager
132,7,John Boone,megan51@example.com,Analyst
133,7,Renee Bruce,lynchdiane@example.net,Admin
134,7,Christopher Park,sandra50@example.org,User
135,7,Kylie Morales,joycebonilla@example.org,Admin
136,7,Cindy Barnes,eric45@example.net,Manager
137,7,Sophia Moore,craigjoseph@example.net,Analyst
138,7,Lawrence Perry,kariwilson@example.com,User
139,7,Michael Watkins,brandon69@example.org,Admin
140,7,Eric Clark,kathrynroberts@example.org,Analyst
141,7,Paul Thompson,opatel@example.net,Analyst
142,7,Mary Gomez,chensley@example.com,Admin
143,7,Thomas Atkins,tberry@example.net,Analyst
144,7,Brian Smith,george97@example.net,Analyst
145,7,Anita Richard,ryanmorales@example.org,User
146,7,Eric Morgan,kimberly18@example.net,Analyst
147,7,Jordan Bullock,michael23@example.org,User
148,7,Craig Morrison,thompsonkendra@example.com,Analyst
149,7,Justin Riley,michelle52@example.com,Manager
150,7,Jeremy Turner,brittany58@example.org,Manager
151,7,Jesse Brown,chase19@example.net,User
152,7,Julie Spencer,colelisa@example.net,User
153,7,Larry Mason,hayeslisa@example.com,Manager
154,7,Mrs. Maria Williams,hritter@example.net,Analyst
155,7,Helen Hardin,vortiz@example.net,User
156,7,Rachel Holland,riveraangela@example.com,Admin
157,7,Nathaniel Douglas,mathewaguilar@example.org,Analyst
158,7,Emily Douglas,tanderson@example.org,Analyst
159,7,James Conner,elizabethcalderon@example.net,Manager
160,7,Susan Davis DDS,andrew42@example.org,User
161,7,Ralph Lee,ericphillips@example.org,Analyst
162,7,Kimberly Rodgers,stanleynancy@example.net,User
163,7,James Martin,jenniferwilliams@example.com,User
164,7,Cynthia Wallace,karen73@example.net,User
165,7,Vincent Mueller,michealvalentine@example.com,Manager
166,7,Douglas Reyes,mburch@example.net,User
167,7,David Davidson,angela18@example.org,Manager
168,7,Phillip Nelson,mariahdavis@example.org,Admin
169,7,Stacey Arias,gbrown@example.com,Analyst
170,7,Zachary Brooks,florescory@example.net,Analyst
171,7,Raven Taylor,samantha72@example.net,Admin
172,8,Luis Bullock,scottmary@example.net,Analyst
173,8,Lisa Henderson,john10@example.org,Manager
174,8,Riley Bryant,copelandvincent@example.net,Manager
175,8,Jose Allen,kellysmith@example.com,Manager
176,8,Jason Beck,millsmichael@example.net,Admin
177,8,Rachel Romero,myerstheodore@example.net,Admin
178,9,James Burgess,kristina53@example.net,User
179,9,Ashley Perkins,dennis58@example.com,Admin
180,9,Carrie Maxwell,epollard@example.net,User
181,9,Chad Baldwin,mjohnson@example.org,User
182,9,Stacey Stewart,zachary87@example.com,Manager
183,9,Matthew Mitchell,glennmartin@example.org,User
184,10,Jessica Ross,ykline@example.com,User
185,10,Kathleen Jimenez,laurie61@example.com,Manager
186,10,Samantha Gardner,curtis54@example.com,Manager
187,10,Mitchell Jackson,cbell@example.net,Admin
188,10,Heather Bolton,danielle01@example.net,Admin
189,10,Heidi Owen,stephaniethomas@example.net,User
190,10,Jessica Martinez,kimberlydiaz@example.com,Manager
191,10,Amanda Hernandez,xrush@example.com,Manager
192,10,Laura Moreno,redwards@example.org,User
193,10,Allison Lopez,hmcintyre@example.com,Admin
194,10,Michele Lewis,heather73@example.org,Manager
195,10,Benjamin Thompson,zosborn@example.net,Admin
196,10,Victoria Contreras,piercekelly@example.com,User
197,10,Michelle Ho,laurahicks@example.org,Manager
198,10,Dr. Cynthia Snyder,angela57@example.net,User
199,10,Stephen Jones,ukey@example.com,Analyst
200,10,Patricia Morrow,martinezlogan@example.org,User
201,10,Michael Cooper,katrinaanderson@example.net,User
202,10,Amy Martinez,kevinmartin@example.net,User
203,10,Travis Stone,meghan43@example.net,Manager
204,10,Denise Weber,shawgary@example.net,User
205,10,Matthew Le,megan90@example.org,User
206,10,Travis Wise,debra96@example.net,Analyst
207,10,Kathleen Burton,dawn47@example.org,Manager
208,10,Melinda Evans,barkereric@example.com,Analyst
209,11,Mr. Lawrence Edwards,jessica56@example.org,User
210,11,Kayla Rodriguez,stevenadams@example.org,Manager
211,11,Anthony Dougherty,kwright@example.com,Analyst
212,11,Michelle Lee,tyronerobertson@example.com,User
213,11,Kathleen Davis,pwagner@example.org,Admin
214,11,Amber Campbell,amitchell@example.org,Analyst
215,11,Stephen Luna,zdiaz@example.org,Manager
216,11,Chloe Tran,hughesshannon@example.net,Analyst
217,11,William Becker,andersoncolin@example.com,Analyst
218,11,Gina Mcmillan,jameshicks@example.net,Analyst
219,11,Andrew Reeves,jstone@example.net,Admin
220,11,Brenda Velazquez,francisco94@example.net,Manager
221,11,Ronald Patel,thomas05@example.com,Manager
222,11,Veronica Silva,carlsonjoseph@example.net,Manager
223,11,Paula Lane,silvageorge@example.net,User
224,11,Patricia James,anthonyvaughan@example.org,Manager
225,11,Jeremy Barnes,avaughn@example.net,Manager
226,11,Tami Salas,thorntonapril@example.net,Admin
227,11,Matthew Fox,sue78@example.com,User
228,11,Megan Dillon,chelsea33@example.com,User
229,11,Courtney Dudley,kellie37@example.com,Analyst
230,11,Justin Michael,keith98@example.com,User
231,11,Jennifer Reed,kellyroberts@example.net,User
232,11,Thomas Douglas,ilewis@example.com,Admin
233,11,Melissa Taylor,johnsantiago@example.net,Manager
234,11,David Garcia,jennifer12@example.org,User
235,11,Vanessa Moore,mwoods@example.com,User
236,11,Matthew Velez,pearsonjesse@example.net,Admin
237,11,Taylor Gentry,robertmonroe@example.org,User
238,11,Jennifer Simpson DVM,nancy04@example.net,User
239,11,Tanya Rogers,ihays@example.net,Admin
240,11,Todd Rosales MD,lisarivera@example.net,Analyst
241,11,David Lopez,krystal93@example.org,Analyst
242,11,Margaret Sullivan,frobertson@example.com,User
243,11,Cathy Taylor,shari04@example.com,User
244,11,Paul Finley,brandi90@example.com,Manager
245,11,Melissa Brown,marshallerik@example.net,User
246,11,Stephanie Padilla,hannah45@example.net,Manager
247,11,Tyler Mendoza,madkins@example.com,Analyst
248,11,Joshua Ruiz,kathleenbecker@example.net,User
249,11,Angela Griffin,christian91@example.org,User
250,11,Stephanie Harris,franklinbond@example.com,Admin
251,11,Daniel Aguilar,nolansean@example.org,User
252,11,Jose Bryant,hansenemily@example.com,Analyst
253,11,Jennifer Velasquez,bethwilliams@example.com,User
254,11,Kimberly Brown,andersenthomas@example.com,Manager
255,11,Randy Cannon,ybrooks@example.com,User
256,11,Susan Bennett,desireebailey@example.org,Manager
257,11,Jenna Anderson DVM,avilatiffany@example.com,Admin
258,11,Kimberly Patel,johnreed@example.com,User
259,11,Shaun Cannon,pachecorobert@example.org,Admin
260,11,Austin Wheeler,tharper@example.org,Admin
261,11,Andrew Gonzales,karenparsons@example.org,User
262,11,Donna Cabrera,barbara53@example.com,Manager
263,11,Victoria Boyd,dturner@example.net,User
264,11,Sheryl Buck,dpeters@example.com,Manager
265,11,Megan Floyd,heather62@example.com,Admin
266,11,Paul Wells,kevinzimmerman@example.com,Analyst
267,11,Kristina Faulkner,paulscott@example.com,User
268,11,Tammy Boone,nicholsmaria@example.org,Analyst
269,11,Michael Morrison,lopezkathleen@example.net,Manager
270,11,Claire Clark,kevin03@example.org,User
271,11,Autumn Key,srocha@example.net,Analyst
272,11,Jennifer Allen,kimberly67@example.net,Analyst
273,11,Elizabeth Ward,zowens@example.net,User
274,11,Ryan Rocha,lawrence09@example.org,Analyst
275,11,Alexis Tran,mphillips@example.com,User
276,11,Kelly Sanchez,jonathan77@example.com,Analyst
277,11,Robert Jackson,iwhite@example.net,Admin
278,11,Kelly Combs,landryelizabeth@example.org,User
279,11,Ryan Hall,albertwagner@example.com,Admin
280,11,Mark Peck,bhopkins@example.org,Admin
281,11,Jennifer Smith,amanda40@example.net,Analyst
282,11,Megan Drake,danieldavis@example.org,Manager
283,12,Manuel King,joseph61@example.com,Admin
284,12,Judy Sanchez,kevinclayton@example.org,Admin
285,12,Shannon Malone,sullivannicholas@example.com,Admin
286,12,Adam Jackson,pbruce@example.com,Manager
287,12,Shannon Davis,hallrachel@example.net,Manager
288,12,Karen Williams,cohenjuan@example.net,Admin
289,12,Amanda Mcfarland,alexis39@example.org,Manager
290,12,Michelle Sanders,evansanne@example.net,Manager
291,12,Jasmine Mosley,patrick21@example.net,Manager
292,12,Haley Davis,marypeterson@example.net,User
293,12,Jennifer Ayala,walterskristen@example.com,Admin
294,12,Henry Pugh MD,nmiller@example.com,Manager
295,12,Michelle Miller,normanbowers@example.org,User
296,12,Emily Rodriguez,hahnsean@example.com,Analyst
297,12,Brandon Jordan,fgarcia@example.com,Analyst
298,12,Linda Mueller,asmith@example.com,Manager
299,12,Misty Hansen,ashleyjackson@example.com,Admin
300,12,Derrick Adams,bryanhamilton@example.com,Manager
301,12,Richard Ward,jennifersimpson@example.net,Analyst
302,12,Brian Torres,ncook@example.com,Admin
303,12,Erin Cook,kevinmorrison@example.net,Admin
304,12,Ernest Oconnell,kelly79@example.org,Analyst
305,12,Douglas Hartman,daniel93@example.net,User
306,12,Catherine Saunders MD,nhahn@example.com,User
307,12,Sandra Jones,ichambers@example.net,Manager
308,12,David Moore,emccormick@example.com,Admin
309,12,Karen Morales DDS,ystephens@example.com,Manager
310,12,Robin Wheeler,rodriguezjohn@example.net,Admin
311,12,Matthew Williams,vrasmussen@example.com,Analyst
312,12,Brett Walker,seanmyers@example.net,Admin
313,12,Kathryn Cooper,webbkenneth@example.org,Admin
314,12,Todd Thomas,matthew38@example.com,Analyst
315,12,Brent Bowen,tflores@example.org,User
316,12,Ashley Sweeney,byrdfrank@example.net,Analyst
317,12,Christopher Moore,omullen@example.com,Admin
318,12,Charlotte Sandoval,njohnson@example.org,Analyst
319,12,Jeffrey Smith,jamiegoodwin@example.org,Admin
320,12,Rebecca Herrera,mark71@example.com,User
321,12,Katherine Church,candice96@example.net,User
322,12,Harold Ellis,lisamccarthy@example.com,Admin
323,12,Leslie Powers,david41@example.org,User
324,12,Charles Price,baileyhenderson@example.com,Analyst
325,12,Melissa Brewer,angelaburns@example.org,User
326,12,Ryan Harvey,stephanie72@example.org,Manager
327,12,Tracey Wagner,fortiz@example.com,User
328,12,Jill Jackson,flynnjeffrey@example.org,Manager
329,12,Joshua Jackson,xcunningham@example.com,Analyst
330,12,Ashley Wilson,amber07@example.net,User
331,12,Jeffery Fitzgerald,kennethkidd@example.com,User
332,12,Scott Miller,rowejoel@example.net,User
333,12,Heather Page,imartin@example.org,Analyst
334,12,Renee Hudson,candice25@example.net,Analyst
335,12,Kenneth Farley,taylorkaren@example.com,Manager
336,12,Wendy Camacho,jacquelineanderson@example.org,Admin
337,12,Sandra Juarez,kburns@example.net,Analyst
338,12,Jason Hayes,powellkara@example.net,User
339,12,Jackie Clements,brandi17@example.net,Manager
340,12,Heather Brown,brobinson@example.org,User
341,12,Frank Campbell MD,ashleewashington@example.com,User
342,12,Pamela Williams,ksmith@example.com,Analyst
343,12,William Patterson,nicoleturner@example.com,Admin
344,12,Isaac Miller,brettgarrett@example.net,User
345,12,Cynthia Rios,smiththomas@example.org,Analyst
346,12,Kelly Wallace,dominguezlisa@example.com,Manager
347,12,Karen Perez,crosscurtis@example.com,User
348,12,Edwin Reyes,darlenebyrd@example.org,Manager
349,13,Alejandra Santos,nbell@example.net,Analyst
350,13,Tamara Jensen,fheath@example.org,Analyst
351,13,Bryce Blair,sylvia52@example.org,Analyst
352,13,Bradley Tran,kimberly04@example.org,Analyst
353,13,Katrina Adkins,debbie37@example.com,Admin
354,13,Jonathan Wheeler,hatfieldsarah@example.org,Manager
355,13,Ryan Fisher,kathrynbest@example.org,Admin
356,13,Austin Baker,livingstonstacy@example.com,Manager
357,13,Lori Mason,zhenderson@example.org,User
358,13,Kimberly Hernandez,collinswilliam@example.org,User
359,13,Brittney Murphy,collinssamuel@example.org,Manager
360,13,Brandon Hamilton,dsalazar@example.com,User
361,13,Mary Thompson,zimmermanjacqueline@example.org,User
362,13,Gregory Holmes PhD,gary24@example.net,User
363,13,Patricia Johnson,enelson@example.com,Admin
364,13,Laura Jones,ddixon@example.com,Admin
365,13,Carol Moore,shannonemily@example.org,Analyst
366,13,Jordan Williams,sanchezthomas@example.com,Manager
367,13,Cassidy Horne,tranrobin@example.net,User
368,13,Courtney Wright,joseph19@example.com,Manager
369,13,Michael Williams,lindajarvis@example.com,Analyst
370,14,John Campbell,mark87@example.org,Analyst
371,14,Eddie Mueller,stevenvargas@example.com,User
372,14,Dr. Morgan Payne PhD,adamortiz@example.org,Analyst
373,14,Makayla Steele,tapiaaaron@example.net,User
374,14,Oscar Parker,alyssaallen@example.com,Analyst
375,14,Valerie Thomas,christopher38@example.com,Analyst
376,14,Jacqueline Villegas,carpenterwilliam@example.net,User
377,14,Angela Bradley,ibates@example.org,Analyst
378,14,Samuel Howe,vhaynes@example.com,Analyst
379,14,Dillon Jones,derekcarrillo@example.org,Analyst
380,14,Christopher Owens,wmartinez@example.org,Manager
381,14,John Phelps,mooregina@example.net,Admin
382,14,Amanda Huff,eddie35@example.com,Manager
383,14,Megan Green,anthonysullivan@example.com,Analyst
384,14,Krista Davis,laradonald@example.org,Admin
385,14,Richard Walker,madisonwatson@example.net,Manager
386,14,Angela Willis,johnsoncaleb@example.net,Manager
387,14,Carl Stein,david70@example.org,Manager
388,14,Jessica Ramsey,rjohnson@example.com,User
389,14,Daniel Lopez,sean20@example.net,Analyst
390,14,Danielle Phillips,eandrade@example.org,Analyst
391,14,James Barnes,crystalpham@example.org,Admin
392,14,Rachael Howard DDS,kcooper@example.net,Manager
393,14,Devin Johnson,anthonycochran@example.com,Analyst
394,14,William Moreno,terrigarcia@example.net,Manager
395,14,Joseph Moody,gallagherstacie@example.net,Analyst
396,14,Rebecca Kelly,gregorywatkins@example.net,Manager
397,14,Suzanne Johnson,stacey92@example.net,Analyst
398,14,Sara Cochran,lweaver@example.com,Admin
399,14,Anthony Guzman,foxaaron@example.net,Manager
400,14,Carlos Love,brian29@example.net,Analyst
401,14,Patricia Mathis,susan56@example.net,Admin
402,14,Eric Taylor,jessicakim@example.net,Admin
403,14,Marie Thompson,jeffrey92@example.com,Analyst
404,14,Michael Anderson,rushstacy@example.com,Manager
405,14,Patricia Bradley,carriemccall@example.net,User
406,14,Keith Zuniga,markmiller@example.com,Admin
407,14,Mrs. Stacey Davis,sean43@example.org,Admin
408,14,Hayley Buchanan,williamssamuel@example.com,Analyst
409,14,Stacey Snyder,ybell@example.org,User
410,14,Rachel Lane,franciscojones@example.org,User
411,14,Fernando Lynn,petersonpamela@example.org,User
412,14,Kimberly Villanueva,morgantricia@example.com,Analyst
413,14,Jessica Valdez,gmoore@example.com,Manager
414,14,Colton Terry,donna43@example.org,Admin
415,14,Kenneth Larsen,briansmith@example.org,Analyst
416,14,Matthew Greene,collinclark@example.net,User
417,14,Bradley Anthony,kristen77@example.net,Admin
418,14,Martin Hughes,nicole52@example.com,Admin
419,14,Jeremiah Baker,anne21@example.org,User
420,14,Rhonda Gutierrez,angelarandall@example.net,User
421,14,Joseph Camacho,parmstrong@example.com,Admin
422,14,James Nash,shawrachel@example.net,Admin
423,14,Lisa Martinez,kthompson@example.org,Manager
424,14,Beth Henderson,oharris@example.org,Manager
425,14,Deanna Bartlett,millerangela@example.net,Analyst
426,14,Donald Ellis,buchanancindy@example.net,Admin
427,14,Ashley Hernandez,buckleyanna@example.org,Manager
428,14,Sharon Beard,pbaker@example.com,Admin
429,14,Kara Jackson,mthomas@example.net,User
430,14,Amanda Preston,hannah07@example.com,Manager
431,14,Alicia Roth,larry71@example.org,User
432,14,William Ramos,joseph69@example.net,User
433,14,Jeremy Mcintyre,wfigueroa@example.net,User
434,14,Samantha Robertson,cameronmckinney@example.com,Analyst
435,14,Samuel Suarez,thompsonnancy@example.org,User
436,14,Danielle Bryant,janet45@example.com,Analyst
437,15,Madison Martinez,allentracy@example.com,Admin
438,15,Seth Matthews,max41@example.com,Admin
439,15,Anthony Nash,mercedesholland@example.net,Manager
440,15,Matthew Palmer,wellsdavid@example.org,Manager
441,15,Alejandra King,jennifer46@example.com,Analyst
442,15,Judy Robinson,erica96@example.net,Admin
443,15,Jorge Bates,anna99@example.com,Manager
444,15,Brian Brown,danielle44@example.net,Manager
445,15,Stephanie Evans,zacharyallen@example.org,Manager
446,15,Rebekah Greene,erin07@example.com,Admin
447,15,Jason Price,aguilarwanda@example.org,Manager
448,15,Micheal Parks,qknox@example.com,Admin
449,16,Sarah Pittman,kellyruiz@example.net,User
450,16,Robert Hines,staceylam@example.net,User
451,16,Henry Garner,robert55@example.com,Analyst
452,16,Julie Wilson,delacruzbrandy@example.net,Admin
453,16,Steve Mason,amoreno@example.org,Manager
454,16,Brittany Gay,robert97@example.org,Analyst
455,16,Mike Maxwell,lcook@example.com,Analyst
456,16,Abigail Hill,barbaramoore@example.org,User
457,16,Jeffrey Jordan,ysanford@example.org,Admin
458,17,Curtis Watson,mcclainkatherine@example.net,Analyst
459,17,Michael Sims,jeremywiley@example.com,Manager
460,17,James Chapman,cameronwilliams@example.com,User
461,17,Joseph Warren,ibarron@example.com,Admin
462,17,Katherine Christensen MD,osmith@example.net,Manager
463,17,Mrs. Alison Wagner,richardsondebra@example.org,Manager
464,17,Martin Wise,wheelerbrandon@example.org,Analyst
465,17,Alicia Norris,hwallace@example.net,Manager
466,17,Michael Harris,turnerdorothy@example.net,Admin
467,17,Lisa Haynes,grivas@example.net,Admin
468,17,Autumn Wilson,jimenezchelsea@example.com,Manager
469,17,Valerie Howard,cphillips@example.net,Analyst
470,17,Daniel Fitzpatrick MD,smithchristopher@example.org,Analyst
471,17,Maureen Hernandez,chancharles@example.net,User
472,17,David Hall,joseph01@example.org,Admin
473,17,Sarah Ward,ronald11@example.org,User
474,17,Charles Holland,michael79@example.com,Analyst
475,18,Anna Briggs,danielross@example.com,Analyst
476,18,James Jefferson,zbanks@example.org,User
477,18,Michael Brown,dalepruitt@example.com,User
478,18,Meghan White,nmaxwell@example.org,Admin
479,18,Sheryl Acosta,timothyfreeman@example.com,Admin
480,18,Arthur Pena,busherica@example.net,User
481,18,Krystal Levine,april91@example.com,Analyst
482,18,Danielle Reed,jhernandez@example.net,Analyst
483,18,Mason Moore,kchristian@example.org,Admin
484,18,Erica Rivera,brent38@example.net,Admin
485,18,Robert Miller,csolis@example.org,Manager
486,18,Jillian Wilson,bmcgee@example.org,Admin
487,18,Andrew Dunn,connersylvia@example.net,Analyst
488,18,Jordan Clark,xclements@example.org,Admin
489,18,Sarah Rivera,xmoran@example.net,Manager
490,18,Brent Hopkins,petersonmaria@example.com,User
491,18,Jacqueline Rodriguez,travisunderwood@example.net,User
492,18,Ashley Carr,davidphelps@example.org,Analyst
493,18,Richard Love,shermanbrandon@example.net,Manager
494,18,Leah Barton,lellis@example.net,User
495,18,Jonathan Moreno,tranryan@example.net,User
496,18,Mr. Thomas Thompson,jessicaanderson@example.com,Admin
497,19,Lisa Morris,mbarnes@example.net,Analyst
498,19,Denise Stuart,shawn22@example.com,User
499,19,Stacey Hunt,jennifer83@example.org,Analyst
500,19,Miguel Parks,tinasantos@example.org,Analyst
501,19,Melissa Morris,hodgesanna@example.net,Admin
502,19,Mary Butler,natalie60@example.net,Manager
503,19,James Brown,gonzalezkaren@example.org,Analyst
504,19,Miss Brianna Brown,james80@example.com,User
505,19,Ashley Parrish,juliahoffman@example.org,User
506,19,Rebecca Horton,housepaul@example.net,Analyst
507,20,Juan Smith,james73@example.net,Admin
508,20,Maria Fischer,kimberlybrandt@example.com,User
509,20,William Jones,jillwilson@example.org,Admin
510,20,Justin Anderson,adam72@example.org,Analyst
511,20,Frank Williams,tracy98@example.com,Analyst
512,20,Michael Fox,abigailhartman@example.org,Analyst
513,20,Joshua Davis,nicolealvarado@example.com,Admin
514,20,Daniel Goodwin,wbarajas@example.net,User
515,20,Michael Griffin,susanfleming@example.com,Admin
516,20,Robert Wilson,amber40@example.net,User
517,20,Jaime Lang,stucker@example.net,User
518,20,Jose Vaughan,teresaayala@example.net,Admin
519,20,Austin Santiago,michellecoleman@example.org,Manager
520,20,Ronald Johns,elucas@example.net,Analyst
521,20,Allison Love,millerbrian@example.com,User
522,20,Laura Perez,rickey76@example.com,User
523,20,James Wilson,maychristine@example.net,Admin
524,20,Mercedes Jones,robertsgina@example.net,Manager
525,20,Preston Kim,bshort@example.com,Analyst
526,20,Daniel Francis,susan24@example.net,Manager
527,20,Traci Camacho,susan08@example.net,Analyst
528,20,Andrew Armstrong,fmedina@example.com,User
529,21,Patrick Swanson,robertbrewer@example.net,User
530,21,Clinton Jensen,james29@example.org,Admin
531,21,Tara Gamble,enewman@example.com,Admin
532,21,Danielle Gonzalez,wlynn@example.org,Manager
533,21,Cynthia Mitchell,mcculloughlouis@example.com,Manager
534,21,Matthew Steele,arianadiaz@example.com,Analyst
535,21,Caroline Edwards,jenniferdavidson@example.com,Admin
536,21,Brandy Quinn,wford@example.com,User
537,21,Mr. Matthew Miller,michele28@example.org,Admin
538,21,Stephen Jones,mcclainmelissa@example.net,Manager
539,21,Kevin Sullivan,rebeccaarnold@example.net,Admin
540,21,Kimberly Valdez,michaelwalker@example.net,User
541,21,Donna Marshall,sanderswayne@example.net,Admin
542,21,Victor Holden,katherinetaylor@example.org,Manager
543,21,Travis Hopkins,jillwebb@example.com,User
544,21,Philip Hall,mike03@example.net,Analyst
545,21,Heather Harrison,ckeith@example.net,Analyst
546,21,Michael Boyd,mary49@example.net,User
547,21,Jamie Gray,blacknicholas@example.org,User
548,21,Heather Parrish,msparks@example.org,User
549,21,Brenda Martin,robertsonjuan@example.org,Manager
550,21,Jack Love,guerrerorobert@example.com,User
551,21,Karen Mendoza,brittanyholland@example.com,Manager
552,21,Andrew Berry,dennishunt@example.net,User
553,21,Christopher Nielsen,kgreene@example.net,Manager
554,21,Nathan Stanley,stacey37@example.net,Manager
555,21,Sharon Jackson DVM,laurahoover@example.org,Admin
556,21,Kayla Jackson,sandra99@example.org,Analyst
557,21,James Rodriguez,alexandrablankenship@example.net,User
558,21,Chase Davis,mvalenzuela@example.org,Analyst
559,21,Kim Goodwin,olsondavid@example.net,Analyst
560,21,April Pace,xboyd@example.org,Admin
561,21,Jessica Mays,yclarke@example.com,Analyst
562,21,Natalie Juarez,colemanjonathan@example.org,Analyst
563,21,Angela George,ascott@example.net,User
564,21,Adrienne Mills,brooksjamie@example.com,Manager
565,21,Brian Simmons,jose86@example.net,User
566,21,Donald Becker,robertbowers@example.com,User
567,21,Justin Webb,becky62@example.net,Analyst
568,21,David Logan,craigromero@example.com,Analyst
569,21,Lisa Cohen,martintamara@example.org,User
570,21,Samantha Ruiz,qdavis@example.org,User
571,21,Lee Ramsey,hmendez@example.com,Analyst
572,21,Linda Bautista,daniellegonzales@example.org,Manager
573,21,Tara Holmes,arthurgreene@example.net,Manager
574,21,Lisa Craig,john02@example.org,User
575,21,Penny Gomez MD,aprilmclaughlin@example.org,Manager
576,21,Krista Barber,michael43@example.net,User
577,21,Jordan Powell,greenrichard@example.org,Admin
578,21,Kathy Morgan,prattsue@example.net,Analyst
579,21,Laura Benson,xhart@example.org,User
580,21,Tonya Ellis,bmosley@example.com,User
581,21,Austin Schultz,ericahall@example.com,User
582,21,Harry Nichols,john16@example.net,Manager
583,21,Gloria Spencer,thomasgomez@example.net,User
584,21,Travis Vega,victorgonzalez@example.net,Admin
585,21,Derek Perez,marykelly@example.org,Manager
586,21,Blake Sosa,waustin@example.net,Analyst
587,21,Sarah Watson,travis94@example.com,Admin
588,21,Phillip Dixon,kwalker@example.org,User
589,21,Robert Mendoza,shawphillip@example.net,Admin
590,21,Joyce Martinez,astewart@example.org,User
591,21,Jamie Garcia,chloe42@example.net,Admin
592,21,Derrick Mullen,michael76@example.org,Manager
593,21,Paul Diaz,lramirez@example.net,User
594,21,Kenneth Perez,lelinda@example.net,Manager
595,21,James Thomas,thomassmith@example.com,Admin
596,21,Dr. Samuel Holmes DDS,jevans@example.net,User
597,21,Brett Martin,lisawoods@example.net,Analyst
598,22,Patrick Green,ann45@example.org,User
599,22,Gregory Frazier,barbarasantos@example.net,Admin
600,22,Richard Kelly,champton@example.org,Analyst
601,22,Dustin Welch,mirandadavidson@example.com,User
602,22,Logan Sullivan,millermatthew@example.com,Analyst
603,22,Eddie Adams,cnelson@example.com,User
604,22,Kelly Cole,ivanjohnson@example.net,Admin
605,22,David Manning,clarkrandy@example.org,Admin
606,23,Shawn Kelley,wisealexandria@example.org,Analyst
607,23,Luke Miller,pparker@example.net,Manager
608,23,Mark Anderson,anthonyalvarado@example.com,Admin
609,23,Julie Pitts,amy28@example.org,User
610,23,Joyce Curry,omills@example.net,Admin
611,23,Gregory Fernandez,ramosmichael@example.com,Admin
612,24,Adam Mills,mauriceharrison@example.org,Manager
613,24,Katherine Campos,albert64@example.net,Analyst
614,24,Adam Brooks,bkhan@example.com,Admin
615,24,Miguel Brewer,fwalker@example.com,Admin
616,24,Kellie Marsh,justin84@example.com,Analyst
617,24,Barry Taylor,walshchristine@example.com,Admin
618,24,Katherine Flores,brandonnichols@example.org,Analyst
619,24,Diane Martinez,oacosta@example.org,Analyst
620,24,Johnny Peterson,kristi75@example.com,Analyst
621,24,Amanda Miller,brianrowe@example.org,User
622,25,Catherine Huang,lisa01@example.net,Manager
623,25,Ray Ramos,gonzalezjill@example.org,User
624,25,Vickie Kennedy,sharon20@example.net,Manager
625,25,Kelly King,james03@example.org,Manager
626,25,Jeffrey Smith,brenda63@example.org,Manager
627,25,Lauren Vazquez,nathandavis@example.org,Admin
628,25,Mr. George Booker DDS,browndeanna@example.net,User
629,25,Ashley Freeman,tina57@example.net,Manager
630,25,Michael Howard,johnwilliams@example.net,User
631,25,Edward Terry,ashleystephens@example.com,Manager
632,25,Denise Guerra,caseymoore@example.com,Manager
633,25,Kimberly Gibson,bgross@example.net,User
634,25,Patty Allen,barrettamber@example.com,Analyst
635,25,Michael Cannon,chloemorris@example.net,User
636,26,Brent Hopkins,conleydavid@example.org,Admin
637,26,John Garcia,hbarrett@example.net,User
638,26,Dawn Diaz,smithsamantha@example.net,Analyst
639,26,Steve Miller PhD,wardjulia@example.com,Manager
640,26,Rebecca Brown,allison14@example.org,Admin
641,26,Toni Davis,amandalopez@example.net,User
642,26,Laura Meza,xreese@example.net,Analyst
643,27,Megan Park,kandrade@example.org,Analyst
644,27,Kathy Sandoval,umahoney@example.net,User
645,27,Erika Watson PhD,umckenzie@example.net,Analyst
646,27,Joshua Brooks,michael77@example.com,User
647,27,Andrew Mitchell,holmesvictoria@example.com,Analyst
648,27,William Lewis,andrew48@example.net,Manager
649,27,Tammy Moore,stevenseric@example.com,User
650,27,Kevin Hall,christopher69@example.org,User
651,27,Misty Mcguire,tracynolan@example.net,Admin
652,27,Susan Larson,benjamin96@example.org,Manager
653,27,Tammy Cook,hbutler@example.org,User
654,27,Sarah Mcfarland,hbrown@example.org,Analyst
655,27,Karl Murphy,ericnunez@example.com,Analyst
656,27,Nicole Johnston,walkerkeith@example.com,Analyst
657,27,George Alvarez,kelleyjose@example.com,Admin
658,27,Patricia Anderson,timothygonzalez@example.com,User
659,27,Christina Gilbert,johnadams@example.com,Analyst
660,27,Thomas Davis,whenderson@example.org,Admin
661,27,Kirk Johnson,gary59@example.com,Admin
662,27,Jessica Glass,jamesbrooks@example.net,User
663,27,Ashley Brown,mistywilkins@example.org,Analyst
664,27,Robert Torres,njohnson@example.net,Manager
665,27,Christina Mills,ana92@example.net,Analyst
666,27,Alicia Aguilar,scottbrian@example.org,Manager
667,27,Lisa Brown,jonesdonna@example.net,Manager
668,27,Mary Lin,carternicole@example.com,Analyst
669,27,James Bray,mckeetodd@example.net,Manager
670,27,Charlotte Mason,tcastro@example.org,Admin
671,27,Thomas Torres,klong@example.org,Admin
672,27,Harold Garrett,wendyirwin@example.com,Analyst
673,27,Lori Johns,raymondstacy@example.org,User
674,27,Steven Sandoval,blairabigail@example.net,Admin
675,27,Lori Perez,ashleysimmons@example.com,Analyst
676,27,Erin Daniels,denisecarpenter@example.net,Manager
677,27,Shari Parker,russellstout@example.org,Admin
678,27,Krystal Moore,grantstacy@example.org,Analyst
679,27,Ryan Thomas,cannonnicole@example.com,Analyst
680,27,Elizabeth Reese,edwin31@example.org,User
681,27,Phillip Salazar,catherine93@example.net,Manager
682,27,Michael Howard,manderson@example.com,Manager
683,27,Jacqueline Christian,kwells@example.org,Manager
684,27,Jason Novak,stephanie33@example.org,Analyst
685,27,Timothy Duke,dwatts@example.org,Analyst
686,27,Ricardo Franklin,zcortez@example.net,Manager
687,27,Laura Herrera,meyershannon@example.org,Analyst
688,27,Danielle Medina,grantzachary@example.net,User
689,27,Cheryl Gonzales,kim47@example.org,Analyst
690,27,Louis Brown,stevenlucas@example.org,Analyst
691,27,Ashley Osborne,phillipmorris@example.org,Admin
692,27,Kevin Marquez,nicoledavis@example.com,User
693,27,Susan Hogan,davisjasmin@example.net,Admin
694,27,Joseph Cruz,nicholasjames@example.org,Manager
695,27,Krystal Keller,fernandothomas@example.net,Manager
696,27,Eric Cross,lroberts@example.org,User
697,27,Toni Smith,alexander77@example.net,Analyst
698,27,Lisa Snyder,briannaalvarez@example.com,Admin
699,27,Kyle Smith,christine83@example.org,User
700,27,Anthony Bailey,melissaestrada@example.net,Admin
701,27,Thomas Williams,kchaney@example.net,Analyst
702,27,Matthew Graves,tammycurry@example.com,Admin
703,27,Anna Evans,priscilla16@example.net,User
704,27,John Martinez,mark68@example.org,Analyst
705,28,Lisa Rodriguez,webbhaley@example.net,Analyst
706,28,Lee Stewart,sara99@example.com,User
707,28,Lynn Vasquez,nicolehall@example.com,Analyst
708,28,April Johnson,mclaughlinjared@example.net,Admin
709,28,Mrs. Felicia Castro DDS,davidsonhannah@example.com,Manager
710,28,Elizabeth Hunter,katie15@example.com,User
711,28,Keith Choi,jamesbass@example.net,Admin
712,28,John Johnson,timothyburton@example.net,Analyst
713,28,Julia Olsen,conleykevin@example.net,Manager
714,28,Kristen Smith,lauren51@example.org,Admin
715,28,Andre Terrell,ashleyprice@example.net,User
716,28,Richard Parker,jennifer46@example.org,Analyst
717,28,David Hayes DVM,aliciathompson@example.com,User
718,28,Paula Gentry,zhunter@example.com,Admin
719,28,Brittany Peterson,hoconnor@example.com,Manager
720,28,Briana Wiggins,jamiejohnson@example.com,Admin
721,28,Kelly Smith,mcdanielbrooke@example.org,Admin
722,28,Stephen Garcia,andrew43@example.com,Analyst
723,28,Dustin Patel,rlambert@example.org,User
724,28,Brian Mullen,clarkmichael@example.com,Admin
725,28,Tony Brock,georgecollins@example.com,Admin
726,28,Amber Johnson,rodriguezbrian@example.com,Manager
727,28,Michael Vance,tjensen@example.com,Manager
728,28,Michelle Lambert,beltrankatelyn@example.com,User
729,28,Anna Lang,tdavis@example.net,User
730,28,Pamela Ruiz,douglashuang@example.com,Analyst
731,28,Jenna Lyons,kristina57@example.com,User
732,28,John Bell,ssingleton@example.com,Manager
733,28,Bethany Garcia,nguyendebra@example.com,User
734,28,Jennifer Gutierrez,amydickson@example.com,Admin
735,28,Daniel Benson,bmueller@example.net,User
736,28,Kimberly Young,stevensonjennifer@example.com,User
737,28,Kyle Nguyen,shortgregory@example.com,Analyst
738,28,Brian Cervantes,pmurphy@example.net,Admin
739,28,Daniel Taylor,shermandonna@example.com,Analyst
740,28,Jean Lane,jamierich@example.com,Manager
741,28,Susan Torres,wrobbins@example.org,User
742,28,Lisa Dixon,melissabrown@example.net,User
743,28,April Castro,daniel40@example.org,Manager
744,28,Kevin Garrett,bsullivan@example.net,Analyst
745,28,Christopher Taylor,xbridges@example.com,Admin
746,28,Zachary Santiago,alexanderwong@example.org,Analyst
747,28,Katelyn Kim,christophermay@example.com,Analyst
748,28,Stephanie Dominguez,dhanson@example.net,Admin
749,28,Robert Cruz,jacobjacobs@example.net,User
750,28,Dr. Michael Adams DVM,arthur09@example.com,Analyst
751,28,Ashley Olson,thomasjessica@example.com,Manager
752,28,Blake Wu,sanchezcrystal@example.net,Admin
753,28,Angela Schultz,chloe58@example.org,User
754,28,Jose Harrison,robert44@example.org,Admin
755,28,Thomas Curry,bryan79@example.org,Manager
756,28,Mary Carter,mitchellchristopher@example.net,Admin
757,28,Richard King,joshua40@example.net,Admin
758,28,Christopher Vargas,donnawood@example.org,Analyst
759,28,Michael Washington,cooperchristopher@example.org,Manager
760,28,Samantha Monroe,ptownsend@example.net,Manager
761,28,Mark Clark,brian41@example.org,Manager
762,28,James Turner,noahthornton@example.com,Admin
763,28,Joseph Graham,sara76@example.net,Manager
764,28,Joseph Blanchard,hardindana@example.com,Manager
765,28,Marissa Nelson,joseph14@example.net,Manager
766,28,Julia Leonard,jessicachapman@example.org,Analyst
767,28,Megan Kaiser,amy01@example.org,Manager
768,28,Joseph Jennings,jeffrey44@example.org,Admin
769,28,Manuel Brown,stephanielittle@example.net,Analyst
770,28,Angelica Jacobs,pdouglas@example.net,Manager
771,28,Cathy Rodriguez,jonowens@example.org,Manager
772,28,Tammy Hill,qschwartz@example.com,Analyst
773,29,Richard Ramirez,reyesmarvin@example.org,Admin
774,29,Robert Thompson,vasquezsarah@example.net,Admin
775,29,Matthew Rodriguez,probinson@example.org,Manager
776,29,Michelle Garcia,jonesjessica@example.com,Admin
777,29,Jonathan Delgado,fitzpatrickelizabeth@example.com,Analyst
778,30,Gary Myers,robertsonshelby@example.com,Analyst
779,30,Jared Luna,fernandezaaron@example.net,Admin
780,30,Karen Bradley,mathew46@example.org,Manager
781,30,Tina Davis,christopher74@example.net,Analyst
782,30,Julian Ponce,kentprice@example.org,Admin
783,30,Heather Miller,imoss@example.org,Manager
784,30,Nathan Watkins,yprice@example.net,User
785,30,Kathryn Hanna,blevy@example.org,Admin
786,30,George Le,zwilson@example.net,Admin
787,30,Judy Gregory,joycehall@example.org,User
788,30,Charles Valdez,nmeadows@example.org,User
789,30,Matthew Smith,conwaylori@example.org,Analyst
790,30,Christopher Garza,wilsonbrooke@example.net,Admin
791,30,Robert Simmons,rnguyen@example.net,User
792,30,Erica Oconnell,kathrynwatkins@example.com,Manager
793,30,Donald Todd,heathertran@example.com,Admin
794,30,Kevin Anderson,bstrickland@example.com,Analyst
795,31,Adam Howe,robert72@example.org,Admin
796,31,Devin Cole,sharonbishop@example.org,Admin
797,31,Michelle Salazar,burtonkimberly@example.com,User
798,31,Justin Lee,montgomerymichelle@example.net,User
799,31,Julie Sims,joshualee@example.org,User
800,31,Tracy Wells,ernestlivingston@example.org,Admin
801,31,Dominique Hamilton,christina70@example.org,User
802,31,Tammy Thompson,washingtondarren@example.org,User
803,31,Leslie Nguyen,julievillanueva@example.org,Admin
804,31,Erika Garcia,ykane@example.org,Admin
805,31,Kevin Brown,nthomas@example.com,Analyst
806,31,James Ellis,crystalcantrell@example.org,Manager
807,31,Andrew Carroll,derek77@example.com,Admin
808,31,Greg Tanner,kristinelittle@example.net,Manager
809,31,Laura Tran,christophervincent@example.com,Analyst
810,31,Cindy Wells,uramirez@example.com,Analyst
811,31,Danielle Murphy,patriciavargas@example.org,User
812,31,Stephanie Butler,williamsthomas@example.net,Analyst
813,31,Joseph Mendoza,chavezjohn@example.net,User
814,31,Melissa Russell,davidphillips@example.net,User
815,31,Mrs. Maureen Martin DDS,braysteven@example.org,Admin
816,31,Jennifer Clarke,courtney01@example.com,Admin
817,31,Faith Johnson,smullins@example.net,Manager
818,31,Rebecca French,olivermatthew@example.org,User
819,31,Susan Cox,rodriguezmichael@example.net,User
820,31,Jacob Wong,castrokim@example.org,Manager
821,31,Mrs. Ashley Mendoza,karenhodges@example.com,User
822,31,Derek Frazier,brian55@example.com,Analyst
823,31,Mr. Bryan Mckinney,shannon51@example.org,User
824,31,Judith Miller,keithfrye@example.org,User
825,31,Brian Hernandez,nancymeyer@example.net,User
826,31,Jason Fleming,thomasfisher@example.net,Admin
827,31,Dorothy Brown,marystone@example.com,Analyst
828,31,Grant Lucas,todd88@example.com,User
829,31,Keith Villanueva,george43@example.com,Analyst
830,31,Dwayne Bruce,michaelbryant@example.org,Analyst
831,31,Caitlyn Nichols,teresafranco@example.net,Analyst
832,31,Rebecca Martin,williamsleslie@example.org,Manager
833,31,Jacob Harris,wadetiffany@example.org,User
834,31,Joshua Martin,david06@example.com,Admin
835,31,Theresa Reilly,adamrodgers@example.net,Admin
836,31,Michael Wells,tara92@example.net,Admin
837,31,Tammy Morgan,dennisrachel@example.org,Admin
838,31,Audrey Johnson,seandavis@example.org,User
839,31,Christie Fox,james18@example.com,Admin
840,31,Tina Daugherty,ulee@example.net,Analyst
841,31,Terri Kerr,raymond65@example.com,Manager
842,31,Dustin Bell,fsawyer@example.org,Admin
843,31,Jill Riddle,achandler@example.org,Analyst
844,31,Linda Thomas,thomas85@example.org,Admin
845,31,Leslie Bennett,ortizrobin@example.com,User
846,31,Joel Bradley,jamescollier@example.com,Analyst
847,31,Amanda Mckenzie,troy73@example.org,User
848,31,Brittany Evans,qmartinez@example.com,Admin
849,32,John Watts,anthonyhubbard@example.com,Analyst
850,32,Andrea Reese DDS,ooneill@example.net,Analyst
851,32,Michael Wilson,brucefrancisco@example.org,Admin
852,32,Joel Steele,frank45@example.com,Manager
853,32,Tina Williams,alyssa18@example.org,Manager
854,32,Catherine Davis,amybrennan@example.net,User
855,32,Denise Wolfe,cody95@example.org,Manager
856,33,Joseph Watson,kjenkins@example.org,Analyst
857,33,Jonathan Decker,butlersabrina@example.org,Analyst
858,33,Tammy Mendoza,hannah27@example.net,Admin
859,33,Tracy Jackson,anthony13@example.org,Analyst
860,33,Brenda Perez,jasonzavala@example.com,Manager
861,33,Rachel Jones,ctodd@example.org,User
862,33,Ricky Palmer,harrisonrebekah@example.org,Admin
863,33,Michael Webster,morajamie@example.org,Analyst
864,33,Gregory Davis,stacy55@example.org,Admin
865,33,Phyllis Austin,garciabelinda@example.org,Manager
866,33,Michelle Brandt,rachelmedina@example.net,Analyst
867,33,Daniel Gordon,lrichardson@example.org,Analyst
868,33,Tyler White,tina63@example.net,Analyst
869,33,Brian Rollins,owensapril@example.com,Analyst
870,33,Michele Hawkins,millertristan@example.com,Admin
871,33,Kyle Collins,aperez@example.com,Manager
872,33,Mrs. Shannon Jacobson,xcrosby@example.org,Manager
873,33,Michael Powers,qkim@example.net,User
874,33,Charles Morales,figueroapatricia@example.org,Admin
875,33,William Morgan,bmartinez@example.net,Manager
876,33,Dr. Ralph Wheeler DDS,qkelly@example.net,Admin
877,33,Victoria Dixon,katrinarodriguez@example.com,Admin
878,33,David Dunlap Jr.,greertyrone@example.org,Manager
879,33,Janet Shelton,kevinhanson@example.org,User
880,33,Kelly Vasquez,qharris@example.com,User
881,33,Dennis Cooper PhD,cisnerosanthony@example.com,User
882,33,Barbara Cole,cramos@example.org,Analyst
883,33,Matthew Chan,travistaylor@example.net,Manager
884,33,Phillip Carroll,rkeller@example.net,Analyst
885,33,Karen Dickerson,myerstroy@example.com,Analyst
886,33,Heather Levine,bryan90@example.org,Analyst
887,34,Hannah Harmon,hubbardcolleen@example.com,Admin
888,34,Gregory Howard,brian33@example.org,Admin
889,34,Leslie Lozano,meltondanny@example.org,Manager
890,34,Gabriel Murray,abradley@example.com,Manager
891,34,John Johnson,nicholas65@example.net,Admin
892,34,John Vazquez,matthewshaw@example.net,Admin
893,34,Lucas Cox,karlwilliams@example.net,Analyst
894,34,Darrell Newton,robbinsbelinda@example.net,User
895,34,Austin Solis,wsimmons@example.org,User
896,34,Elizabeth Brock,ualvarado@example.org,User
897,34,David Robertson,nicoleburton@example.net,User
898,34,Laura Lewis,oadams@example.net,User
899,34,Sarah Meadows,boydmichael@example.org,Analyst
900,34,Paul Cannon,ejenkins@example.net,Manager
901,34,Jason Colon,jonathanburke@example.com,Admin
902,34,Chris Johnson,steven86@example.com,Analyst
903,34,Amanda Moore,anthonyclarke@example.com,User
904,34,Casey Phelps,dcasey@example.org,Admin
905,34,Edward Brown,qmosley@example.net,Analyst
906,34,Jennifer Larsen,joelduncan@example.net,User
907,34,Kelly Calderon,tyler13@example.net,Analyst
908,34,Robert Murphy,vshaffer@example.org,Admin
909,34,Claudia Rodriguez,taragonzales@example.com,Manager
910,34,Amy Ferguson,stewartrodney@example.net,User
911,34,Donald Mueller,michaelbaldwin@example.com,Admin
912,34,Walter Obrien,vazquezkristina@example.org,Admin
913,34,James Fowler,rebecca18@example.org,Manager
914,34,Jasmine Browning,qpennington@example.com,Analyst
915,34,Rodney Young,michelemartin@example.com,Manager
916,34,Sherry Wang,rmccormick@example.org,Manager
917,34,Teresa Ruiz,vhouse@example.net,Analyst
918,34,Thomas Garcia,hollyhunter@example.com,Analyst
919,34,Nicholas Kelley,shawn00@example.net,Analyst
920,34,Lorraine Gibbs,aarongonzalez@example.com,Admin
921,34,Bradley Moore,melaniejennings@example.com,Admin
922,34,Shane Anderson,graceserrano@example.com,User
923,34,Jason White,kduffy@example.org,User
924,34,Alexander Hansen,rebeccamccann@example.org,Manager
925,34,Samuel Williams,jburke@example.org,Manager
926,34,Carolyn Bradley,higginsryan@example.com,User
927,34,Kathleen Walker,jamesatkins@example.com,Manager
928,34,Johnny Anderson,carolcarney@example.com,Analyst
929,34,Chelsey White,anthonycherry@example.org,Admin
930,34,Susan Wood,emiller@example.org,User
931,34,Valerie Sanders,jennifererickson@example.net,Admin
932,34,Angel Hawkins,cookjimmy@example.com,User
933,34,Teresa Coffey DDS,smithwilliam@example.com,Admin
934,34,James Wood,carpenterjorge@example.net,User
935,34,Gerald Mcdonald Jr.,hthomas@example.com,Admin
936,34,Carl Savage,julie64@example.com,Analyst
937,34,Pam Baker,ryan25@example.net,User
938,34,Pamela Hernandez DVM,jbrown@example.org,User
939,34,Andrew Green,fgraham@example.org,User
940,34,William Hoffman,uvasquez@example.org,Analyst
941,34,Brandon Oneill,marybrady@example.com,Admin
942,34,Mary Lewis,foxashley@example.com,User
943,34,Danielle Jimenez,clayanthony@example.net,Admin
944,34,Mrs. Jacqueline Hickman,hooderic@example.org,Analyst
945,34,Michael Castillo,brooke05@example.org,Manager
946,34,Tiffany Nguyen,jasonwilliams@example.net,User
947,34,Robert Manning,tammyglenn@example.org,Analyst
948,34,Daniel Price,wmitchell@example.net,Admin
949,34,Edwin Owen,rebecca92@example.com,User
950,34,Sandra Hunt,ygriffin@example.com,Admin
951,34,Kyle Davis,nshepherd@example.org,Manager
952,34,Jeffery Williams,teresa32@example.com,User
953,34,Maria Miller,zkim@example.com,User
954,34,William Sutton,mckenzie86@example.com,Admin
955,34,Kristen Lowery,dixonrobert@example.com,User
956,34,Laura King,brenda80@example.org,Analyst
957,34,Julie Hartman,awilliams@example.net,Analyst
958,34,Kevin Gibson,qhanson@example.com,Manager
959,34,Shelby Lopez,christianhendrix@example.com,Analyst
960,34,Ashley Ferguson,fosteralexander@example.net,Manager
961,35,Michael Melton,nturner@example.com,Admin
962,35,Tracey Leonard,christopher20@example.org,Manager
963,35,Alan Waller,clarkdeborah@example.net,Analyst
964,35,Ryan Garrison,christophercarrillo@example.org,Analyst
965,36,Alex Martin,joannewallace@example.com,Manager
966,36,Scott Richards,kennethgallegos@example.com,Manager
967,36,Adam Mccoy,fpetty@example.net,Admin
968,36,Monique Duarte,freemantodd@example.net,Manager
969,36,Taylor Stein,dhall@example.net,Analyst
970,36,Kenneth Tran,patricia67@example.org,Manager
971,36,Todd Reed DDS,martinjessica@example.com,Manager
972,36,David Robinson,sandra72@example.com,Manager
973,36,Jeanette Butler,laura29@example.org,Admin
974,36,Paul Estrada,glenmoore@example.com,Manager
975,36,Jason Chaney,jimmy80@example.org,User
976,36,Dean Rhodes,mariakline@example.org,User
977,36,Gail Wilson,davidwalker@example.com,User
978,36,Rachel Hammond PhD,paula89@example.net,Analyst
979,36,Anthony Shah,westes@example.org,Analyst
980,36,Rachael Lynch,colonbobby@example.org,Manager
981,36,Bruce Harris,eric47@example.net,User
982,36,Dr. Christian Cox PhD,allisonscott@example.com,Admin
983,36,Adriana Davenport,gpeterson@example.org,User
984,36,Jaime Fischer,crystal32@example.net,User
985,36,Darren Pham,dhardin@example.net,Analyst
986,36,Heidi Johnson,kaylarobbins@example.net,Analyst
987,36,Angela Edwards,ryanlong@example.org,Admin
988,36,Margaret Orr,levinetina@example.net,Analyst
989,36,Valerie Barnes,jennifer55@example.org,Admin
990,36,Stephanie Bishop,isabellagriffin@example.org,Analyst
991,36,Lori Montgomery,zterry@example.net,User
992,36,Craig Turner,medinapeter@example.net,User
993,36,Beth Braun,jason88@example.com,Admin
994,36,Nicole Moore,zamoraamber@example.com,Admin
995,37,Raymond Barber,dennismckenzie@example.com,Analyst
996,37,Heather Williams,westashley@example.org,Admin
997,37,William Trujillo,michaelmitchell@example.net,Admin
998,37,Brenda Gray,danielblack@example.org,User
999,37,Heather Garcia,fpoole@example.org,User
1000,37,Stephen Alvarez,rmiller@example.net,Admin
1001,37,Justin Maxwell,breanna67@example.net,User
1002,37,Katherine Mcpherson,drewmartinez@example.net,Manager
1003,37,Walter Palmer,bensonstanley@example.org,Analyst
1004,37,Terry Wood,guzmanricky@example.org,User
1005,37,Dylan Mills,watsonvickie@example.com,Manager
1006,37,Alfred Thomas,twilliams@example.com,Admin
1007,37,Robert Burns,kelleycarlos@example.org,User
1008,37,Kenneth Knight,kimberly79@example.org,Admin
1009,37,Kathy Murray,jcontreras@example.net,Analyst
1010,37,Robert Beck,zhughes@example.com,Admin
1011,37,Tina Wu,debbie20@example.net,Manager
1012,37,Patricia Parker,schneiderchristopher@example.net,Admin
1013,37,Nina Bernard,karenshaw@example.org,Manager
1014,37,Timothy White,hilljamie@example.net,User
1015,37,Lauren Miller,richard07@example.org,User
1016,37,Christopher Johnson,patrick11@example.org,Manager
1017,37,Dominique White,moorestephanie@example.net,Analyst
1018,37,Lucas Nguyen,reeveskenneth@example.org,Analyst
1019,37,Jason Nguyen,hdavid@example.org,Analyst
1020,37,Paul Willis,gromero@example.com,User
1021,37,Debra Flores,bjones@example.com,User
1022,37,Susan Smith,sanchezangela@example.org,Analyst
1023,37,Jason Miller,kristathomas@example.net,Admin
1024,37,Dr. Kimberly Henderson,dwilliams@example.net,Analyst
1025,37,William Smith,qnelson@example.net,Admin
1026,37,Gregory Chen,brandon89@example.org,Analyst
1027,37,James Martinez,jessicalutz@example.com,Admin
1028,37,Jonathan Pham,cynthia74@example.org,User
1029,37,Erica Clark,allen20@example.net,Analyst
1030,37,Steven Chambers,speters@example.net,Analyst
1031,37,James Miller PhD,ryanpatricia@example.net,Manager
1032,37,Caleb Stanton,wcarey@example.com,Analyst
1033,37,Randy Terry,martinezmitchell@example.org,Admin
1034,37,Daniel Smith,erin53@example.org,Manager
1035,37,Lori Stokes,jimsnyder@example.com,Analyst
1036,37,Johnathan Padilla,adrianjoyce@example.net,Analyst
1037,37,Sergio Carroll,mjackson@example.net,User
1038,37,Megan Morrison,cameronanderson@example.org,Manager
1039,37,Timothy Foley,james08@example.net,Admin
1040,37,Justin Gibson,pdavidson@example.org,Analyst
1041,37,Erica Richard,rhill@example.net,User
1042,37,Isaiah Blake,brandonhull@example.net,Analyst
1043,38,Aaron Lee,beardlindsey@example.net,Admin
1044,38,Michael Rosario,jamesmurphy@example.org,User
1045,38,Anne Castillo,watkinsconnie@example.com,Analyst
1046,38,Danielle Wells,marissa58@example.org,Admin
1047,38,Patricia Harvey,garrettbeth@example.org,Analyst
1048,39,Sydney Bennett,pattonbryan@example.com,Manager
1049,39,Leslie Reynolds,byrdanita@example.com,Manager
1050,39,Jennifer Williamson,mhall@example.net,Analyst
1051,39,Jody Marshall,nhobbs@example.org,User
1052,39,Timothy Logan,lholmes@example.org,Manager
1053,39,Adam Reeves,rebeccamartinez@example.net,Manager
1054,39,Jason Hardy,ilopez@example.org,Manager
1055,39,Eric Graham,larry82@example.org,Manager
1056,39,Larry Carter,holmesdiane@example.org,Admin
1057,39,Jonathon Conley,hendersonjames@example.org,Analyst
1058,39,Christina Jones,elizabethneal@example.com,Admin
1059,39,Erin Lane,christina65@example.org,Admin
1060,39,Shawn Lozano,arobinson@example.net,Analyst
1061,39,David Hanson,timothytate@example.com,Manager
1062,39,Jamie Ross,coxcharles@example.org,User
1063,39,Brenda Alexander,bradley03@example.org,Manager
1064,39,Daniel Green,matthewspencer@example.org,Manager
1065,39,Christopher Green,smitherica@example.com,Manager
1066,39,Stacey Morgan,kevinallen@example.com,Manager
1067,40,Teresa Rowland,ejohns@example.org,Admin
1068,40,Thomas Norton,amandabenson@example.com,User
1069,40,Vanessa Sanchez,hinesbrenda@example.net,Analyst
1070,40,Charles Wright,monique89@example.com,Manager
1071,40,Brad Ruiz,jacksonpaul@example.net,User
1072,40,Jacqueline Stone,marcbrooks@example.net,Analyst
1073,40,Dr. John Perkins,clarkpatricia@example.com,User
1074,40,Jennifer Torres,xduncan@example.com,Manager
1075,40,Brandy Miller,ostone@example.net,Manager
1076,40,Jose Rogers,amcdonald@example.com,Analyst
1077,41,Emily Reyes,scottbaker@example.org,Manager
1078,41,Bradley Kirby,hartmansara@example.org,Analyst
1079,41,Isaac Payne,james54@example.com,User
1080,41,Patricia Bruce,janicebolton@example.net,User
1081,41,Susan Smith,juan56@example.com,Analyst
1082,41,Norma Smith,michelleperez@example.net,User
1083,41,Kara Black,dsharp@example.com,User
1084,41,Emily Lopez,cclark@example.net,Manager
1085,41,Charles Russo,sherry07@example.net,Manager
1086,41,Gina Barnes,sfarmer@example.net,Manager
1087,42,Kevin Bradley,weekseric@example.com,Admin
1088,42,Rebecca Mcintyre,nbaird@example.com,User
1089,42,James Wells,ashley74@example.org,Analyst
1090,42,Michael Thompson,ocampbell@example.com,Admin
1091,42,Andrea Brown,jacksonmichele@example.com,Admin
1092,42,William Anderson,emendoza@example.com,Analyst
1093,42,Sharon Anderson,kylemeyers@example.net,Admin
1094,42,Larry Crosby,waynecohen@example.com,Manager
1095,42,William Griffin,pjacobs@example.net,Analyst
1096,42,Keith Henry,vjohnston@example.org,User
1097,42,Stanley Bryant,peter26@example.org,Manager
1098,42,Luke Reynolds,lbartlett@example.net,User
1099,42,Jennifer Bautista,nicolemoore@example.net,Admin
1100,42,Mary Jones,reginajenkins@example.net,Manager
1101,42,Jacob Campos,robert24@example.org,User
1102,42,Julia Jones,vjames@example.com,Analyst
1103,42,Jennifer Smith,fletcherderek@example.net,Admin
1104,42,Kari Jones,jenniferkim@example.com,User
1105,42,Sarah Jackson,lawsongregory@example.org,Admin
1106,42,Jeanne Jones,byrderic@example.com,User
1107,42,Miguel Stafford,scottwilliams@example.net,Analyst
1108,42,Margaret Moran,myerskyle@example.org,Manager
1109,42,Amber Bennett,sarahbrooks@example.org,User
1110,42,Alan Johnson,rogersjames@example.net,Admin
1111,42,Tyler Davis,jenniferwilliams@example.net,Analyst
1112,42,Gabriel Hart,colleenvilla@example.com,Manager
1113,42,Barbara Lewis,marcus06@example.net,Admin
1114,42,James Ellis,barrettjoshua@example.net,Analyst
1115,42,Austin Robinson,katrina71@example.net,Admin
1116,42,Wanda Jefferson,johnathandavis@example.com,Analyst
1117,42,Miss Megan Compton,martinreid@example.net,Manager
1118,42,Samuel Olson,andres97@example.com,Manager
1119,42,Natalie Gordon,hallchristina@example.org,Admin
1120,42,Oscar Todd,brownnicholas@example.com,Analyst
1121,42,James May,sandrageorge@example.com,User
1122,42,Erin Ramirez,meyertiffany@example.net,Manager
1123,42,Nicole Perez,matthew38@example.org,User
1124,42,Mary Wright,cathyjames@example.com,User
1125,42,Mark Brown,mjones@example.org,Admin
1126,42,Brenda Harris,thompsonana@example.org,Admin
1127,42,Blake Hardy,frank33@example.com,Admin
1128,43,David Mitchell,mfaulkner@example.com,Manager
1129,43,Karen Tapia,raymond27@example.com,Manager
1130,43,Leon Hamilton,lorileon@example.org,User
1131,43,Jessica Miller,brooke28@example.net,Admin
1132,43,James Torres,nicholas97@example.org,Analyst
1133,43,Miguel Gonzalez,adamhensley@example.net,Manager
1134,43,Katherine Frost,xwaller@example.com,Analyst
1135,43,Martin Chapman MD,riddledavid@example.net,Admin
1136,43,Phillip Krueger,william75@example.net,Admin
1137,43,James Coleman,johnjohnson@example.com,Manager
1138,43,Megan Terry,josegibson@example.net,User
1139,43,David Lane,alexanderwise@example.net,User
1140,43,Janice Mccarthy,stonejacob@example.com,Admin
1141,43,Jeffery Holt,uwillis@example.com,Admin
1142,43,Tammy Booth,fieldskimberly@example.com,User
1143,43,Debra Clark,ahale@example.org,Admin
1144,43,April Jones,pwarren@example.com,Manager
1145,43,Carolyn Brooks,jameswhite@example.org,Manager
1146,44,Robert Lopez,bradylisa@example.org,User
1147,44,Steven Ortiz,oneillgabriel@example.com,Admin
1148,44,Caleb Brown,richardstimothy@example.net,Analyst
1149,44,Alexandra Adams,ortegakristina@example.org,Manager
1150,44,Joseph Smith,sarah75@example.net,User
1151,44,Jacob Wu,lisa56@example.com,Manager
1152,44,Vanessa Marks,smithmonica@example.com,Admin
1153,44,Stacy Taylor,meltonjoshua@example.net,Analyst
1154,44,Danielle Hayes,qrobertson@example.org,Admin
1155,44,Mark Mcmahon,allen50@example.net,Admin
1156,44,Jeremy Lawson,ystevenson@example.org,User
1157,44,Todd David,shatfield@example.org,User
1158,44,Elizabeth Lee,mollywalter@example.net,Admin
1159,44,Bethany Robles,marisa87@example.org,User
1160,44,Tina Olson,johnjackson@example.net,Analyst
1161,44,Ashley Holder,martinsarah@example.com,Analyst
1162,44,Connie Scott,qlynn@example.org,Admin
1163,44,Tammy Schultz,sdavis@example.com,Analyst
1164,44,Tara Miranda,schneidernicholas@example.net,Admin
1165,45,Molly Valdez,ostokes@example.com,Manager
1166,45,Brandon Davis,juliewilson@example.com,Admin
1167,45,Erik James,collinsbrittany@example.org,Analyst
1168,45,Veronica Flores,lauren28@example.net,Manager
1169,45,Courtney Foster,sstewart@example.org,Admin
1170,45,Mr. Kyle Thomas DDS,georgekyle@example.net,Analyst
1171,45,Zachary Mccarthy,nwelch@example.com,Analyst
1172,45,Vincent Brown,eric33@example.net,Manager
1173,46,Tammy Parsons,tluna@example.net,User
1174,46,Caitlin Smith,rrogers@example.com,Manager
1175,46,Norma Myers DDS,justin38@example.com,Manager
1176,46,Frank Moody,hornjenna@example.com,Admin
1177,46,Laura Ramos,jcarter@example.org,User
1178,46,Paul Moss,coxmelissa@example.org,Admin
1179,46,Virginia Hernandez,kshelton@example.org,Analyst
1180,46,William White,wilsonzachary@example.com,Manager
1181,46,Tracy Sims,hsanchez@example.org,Admin
1182,46,Eric Carlson,denisebennett@example.net,Manager
1183,46,Megan Davis DDS,phill@example.com,Admin
1184,46,Bryan Miller,gmay@example.org,Analyst
1185,46,Kenneth Armstrong,heather19@example.org,Analyst
1186,46,Zachary Park,ashley15@example.org,User
1187,46,Shannon Medina,bhess@example.com,User
1188,46,Kimberly Burnett,lbrown@example.net,Analyst
1189,46,Rachel Martinez,tammymerritt@example.org,Admin
1190,46,Melissa Smith,hmcbride@example.org,Manager
1191,46,Daniel Martin,melissa01@example.org,Analyst
1192,46,Heidi Stephens,qrowland@example.org,Analyst
1193,46,Angel Bautista,donna72@example.net,Admin
1194,46,Erik Bartlett DVM,haileybates@example.org,Analyst
1195,46,Cole Evans,susanguzman@example.org,Analyst
1196,46,Destiny Daniel,qjones@example.com,Admin
1197,47,Steven Ross,duffyerica@example.net,User
1198,47,Dalton Soto,wanda35@example.net,User
1199,47,Samantha Jacobs,uunderwood@example.com,User
1200,47,Victor Wright,david18@example.com,User
1201,47,Mark Cox,kimberly23@example.com,Analyst
1202,47,James Novak,ylynn@example.org,Manager
1203,47,Nicholas Parker,wdavis@example.net,User
1204,47,Diane Nelson,mosleygeorge@example.com,User
1205,48,Robert Byrd,iwoods@example.com,Analyst
1206,48,Jose Moore,douglasbradley@example.com,Admin
1207,48,Nicholas Villegas,erikabarnes@example.com,User
1208,48,William Lindsey,joshua68@example.net,Admin
1209,48,Robin Torres,mezarichard@example.com,User
1210,48,Madison Jones,shirleymartin@example.org,Manager
1211,48,Dustin Noble,haydenroger@example.net,Analyst
1212,48,Breanna Jimenez,sullivanchristina@example.net,Analyst
1213,48,Jeffery Ferguson,john89@example.org,Admin
1214,48,Traci Craig,gregoryrichardson@example.org,Admin
1215,48,Tiffany Henderson,hjackson@example.com,Analyst
1216,48,Danielle Ryan,robertstimothy@example.com,Analyst
1217,48,Oscar Carroll,sandrahickman@example.net,Analyst
1218,48,Stephanie Walls,abrown@example.net,User
1219,48,Edwin Rodriguez,pamela26@example.com,User
1220,48,Jeffrey Gonzalez,robertgentry@example.org,Manager
1221,48,Matthew Perez,xbrooks@example.com,User
1222,48,Kimberly Adams,cdouglas@example.org,Analyst
1223,48,Paul Smith,danielmitchell@example.org,User
1224,48,Patrick Santana,elizabethvaughan@example.net,Admin
1225,48,Mrs. Katherine Simpson,markduran@example.com,Analyst
1226,49,Tammy Cameron,ganderson@example.org,User
1227,49,Gregory Smith,brettgallegos@example.com,Analyst
1228,49,Nancy Hamilton,justin16@example.org,Admin
1229,49,Monica Lopez,katie43@example.net,Admin
1230,49,Christina Mccarthy,hayneswayne@example.org,User
1231,49,Scott Fuller,jeromeanderson@example.org,Analyst
1232,49,Corey Thomas,jensenchristopher@example.org,Manager
1233,49,Joseph Graves,jeffreysimmons@example.org,Admin
1234,49,Maria Torres,michael56@example.org,Manager
1235,49,Anthony Williams,guerreromarc@example.com,User
1236,49,Terry Garcia,johnnyhenry@example.com,Admin
1237,49,Brent Smith,markfigueroa@example.com,Manager
1238,49,Leah Jacobs,debraclark@example.com,Admin
1239,49,Brian Soto,williamstanya@example.net,Manager
1240,49,Cheryl Griffin,jonesamy@example.com,Analyst
1241,49,John Juarez,bradleylee@example.net,Analyst
1242,49,Stephanie Malone,patricia71@example.com,User
1243,49,Jason Velazquez,jacksonjoshua@example.org,Admin
1244,49,Tyler Brown,joysanders@example.net,Manager
1245,49,Kayla Jones,ychristensen@example.net,User
1246,49,Jennifer Nelson,adamarmstrong@example.net,Analyst
1247,49,Sherry Gibbs,ugordon@example.net,Analyst
1248,49,Samuel Phillips,andrea23@example.org,User
1249,49,Dorothy Bowman,sara40@example.net,Admin
1250,49,Wanda Clark,smithmichael@example.net,Manager
1251,49,Erika Potts,jennifer69@example.com,Analyst
1252,49,Anthony Cabrera,jeffrey42@example.com,User
1253,49,Kimberly Irwin,sharphailey@example.net,Analyst
1254,49,Mark Munoz,lisawalker@example.com,Analyst
1255,50,Mark Garrison,omoore@example.net,Admin
1256,50,Jackie Barrera,crawfordstephen@example.org,Admin
1257,50,John Blair,andrew22@example.com,Manager
1258,50,Chelsea Thomas,psanchez@example.com,User
1259,50,Joseph Acosta,morrisonnicholas@example.org,User
1260,50,Adam Rivas,andersonkayla@example.com,Admin
